user_id,country,signup_date
0001,KW,2025-01-01
0002,KW,2025-01-01
0003,KW,2025-01-01
0004,AE,2025-01-02
0005,AE,2025-01-02
0006,QA,2025-01-02
0007,AE,2025-01-03
0008,SA,2025-01-03
0009,QA,2025-01-03
0010,AE,2025-01-04
0011,KW,2025-01-04
0012,QA,2025-01-04
0013,AE,2025-01-05
0014,KW,2025-01-05
0015,SA,2025-01-05
0016,AE,2025-01-06
0017,AE,2025-01-06
0018,KW,2025-01-07
0019,KW,2025-01-07
0020,KW,2025-01-07
0021,QA,2025-01-08
0022,QA,2025-01-08
0023,SA,2025-01-08
0024,SA,2025-01-09
0025,QA,2025-01-09
0026,AE,2025-01-09
0027,AE,2025-01-10
0028,KW,2025-01-10
0029,SA,2025-01-10
0030,QA,2025-01-11
0031,AE,2025-01-11
0032,SA,2025-01-12
0033,SA,2025-01-12
0034,KW,2025-01-12
0035,AE,2025-01-13
0036,AE,2025-01-13
0037,SA,2025-01-13
0038,SA,2025-01-14
0039,QA,2025-01-14
0040,SA,2025-01-14
0041,KW,2025-01-15
0042,AE,2025-01-15
0043,KW,2025-01-15
0044,KW,2025-01-16
0045,AE,2025-01-16
0046,KW,2025-01-16
0047,QA,2025-01-17
0048,KW,2025-01-17
0049,AE,2025-01-18
0050,QA,2025-01-18
0051,QA,2025-01-18
0052,SA,2025-01-19
0053,SA,2025-01-19
0054,SA,2025-01-19
0055,SA,2025-01-20
0056,AE,2025-01-20
0057,SA,2025-01-20
0058,AE,2025-01-21
0059,QA,2025-01-21
0060,QA,2025-01-21
0061,KW,2025-01-22
0062,SA,2025-01-22
0063,SA,2025-01-23
0064,SA,2025-01-23
0065,QA,2025-01-23
0066,QA,2025-01-24
0067,SA,2025-01-24
0068,QA,2025-01-24
0069,SA,2025-01-25
0070,QA,2025-01-25
0071,AE,2025-01-25
0072,AE,2025-01-26
0073,QA,2025-01-26
0074,SA,2025-01-26
0075,SA,2025-01-27
0076,AE,2025-01-27
0077,QA,2025-01-28
0078,AE,2025-01-28
0079,QA,2025-01-28
0080,AE,2025-01-29
0081,QA,2025-01-29
0082,KW,2025-01-29
0083,QA,2025-01-30
0084,QA,2025-01-30
0085,KW,2025-01-30
0086,KW,2025-01-31
0087,SA,2025-01-31
0088,KW,2025-01-31
0089,QA,2025-02-01
0090,QA,2025-02-01
0091,SA,2025-02-01
0092,QA,2025-02-02
0093,AE,2025-02-02
0094,QA,2025-02-03
0095,KW,2025-02-03
0096,SA,2025-02-03
0097,AE,2025-02-04
0098,KW,2025-02-04
0099,KW,2025-02-04
0100,AE,2025-02-05
0101,KW,2025-02-05
0102,SA,2025-02-05
0103,QA,2025-02-06
0104,QA,2025-02-06
0105,SA,2025-02-06
0106,QA,2025-02-07
0107,KW,2025-02-07
0108,QA,2025-02-08
0109,SA,2025-02-08
0110,AE,2025-02-08
0111,AE,2025-02-09
0112,SA,2025-02-09
0113,AE,2025-02-09
0114,KW,2025-02-10
0115,KW,2025-02-10
0116,QA,2025-02-10
0117,SA,2025-02-11
0118,KW,2025-02-11
0119,AE,2025-02-11
0120,QA,2025-02-12
0121,SA,2025-02-12
0122,QA,2025-02-12
0123,SA,2025-02-13
0124,QA,2025-02-13
0125,SA,2025-02-14
0126,QA,2025-02-14
0127,SA,2025-02-14
0128,SA,2025-02-15
0129,AE,2025-02-15
0130,SA,2025-02-15
0131,KW,2025-02-16
0132,SA,2025-02-16
0133,KW,2025-02-16
0134,KW,2025-02-17
0135,SA,2025-02-17
0136,QA,2025-02-17
0137,SA,2025-02-18
0138,KW,2025-02-18
0139,KW,2025-02-19
0140,AE,2025-02-19
0141,QA,2025-02-19
0142,KW,2025-02-20
0143,KW,2025-02-20
0144,KW,2025-02-20
0145,KW,2025-02-21
0146,QA,2025-02-21
0147,KW,2025-02-21
0148,AE,2025-02-22
0149,AE,2025-02-22
0150,KW,2025-02-22
0151,KW,2025-02-23
0152,SA,2025-02-23
0153,AE,2025-02-24
0154,AE,2025-02-24
0155,KW,2025-02-24
0156,KW,2025-02-25
0157,KW,2025-02-25
0158,AE,2025-02-25
0159,QA,2025-02-26
0160,AE,2025-02-26
0161,AE,2025-02-26
0162,KW,2025-02-27
0163,SA,2025-02-27
0164,SA,2025-02-27
0165,KW,2025-02-28
0166,KW,2025-02-28
0167,AE,2025-02-28
0168,SA,2025-03-01
0169,SA,2025-03-01
0170,SA,2025-03-02
0171,KW,2025-03-02
0172,SA,2025-03-02
0173,QA,2025-03-03
0174,AE,2025-03-03
0175,AE,2025-03-03
0176,AE,2025-03-04
0177,AE,2025-03-04
0178,AE,2025-03-04
0179,SA,2025-03-05
0180,QA,2025-03-05
0181,QA,2025-03-05
0182,SA,2025-03-06
0183,KW,2025-03-06
0184,SA,2025-03-07
0185,AE,2025-03-07
0186,KW,2025-03-07
0187,SA,2025-03-08
0188,SA,2025-03-08
0189,AE,2025-03-08
0190,AE,2025-03-09
0191,AE,2025-03-09
0192,KW,2025-03-09
0193,AE,2025-03-10
0194,SA,2025-03-10
0195,KW,2025-03-10
0196,SA,2025-03-11
0197,AE,2025-03-11
0198,KW,2025-03-12
0199,SA,2025-03-12
0200,QA,2025-03-12
0201,AE,2025-03-13
0202,SA,2025-03-13
0203,QA,2025-03-13
0204,SA,2025-03-14
0205,SA,2025-03-14
0206,KW,2025-03-14
0207,KW,2025-03-15
0208,KW,2025-03-15
0209,KW,2025-03-15
0210,KW,2025-03-16
0211,SA,2025-03-16
0212,KW,2025-03-16
0213,AE,2025-03-17
0214,KW,2025-03-17
0215,QA,2025-03-18
0216,QA,2025-03-18
0217,SA,2025-03-18
0218,QA,2025-03-19
0219,QA,2025-03-19
0220,AE,2025-03-19
0221,KW,2025-03-20
0222,SA,2025-03-20
0223,KW,2025-03-20
0224,AE,2025-03-21
0225,KW,2025-03-21
0226,AE,2025-03-21
0227,AE,2025-03-22
0228,AE,2025-03-22
0229,KW,2025-03-23
0230,SA,2025-03-23
0231,KW,2025-03-23
0232,SA,2025-03-24
0233,AE,2025-03-24
0234,AE,2025-03-24
0235,AE,2025-03-25
0236,AE,2025-03-25
0237,SA,2025-03-25
0238,AE,2025-03-26
0239,KW,2025-03-26
0240,QA,2025-03-26
0241,KW,2025-03-27
0242,AE,2025-03-27
0243,SA,2025-03-27
0244,QA,2025-03-28
0245,AE,2025-03-28
0246,KW,2025-03-29
0247,AE,2025-03-29
0248,AE,2025-03-29
0249,KW,2025-03-30
0250,AE,2025-03-30
0251,QA,2025-03-30
0252,KW,2025-03-31
0253,SA,2025-03-31
0254,QA,2025-03-31
0255,QA,2025-04-01
0256,SA,2025-04-01
0257,SA,2025-04-01
0258,QA,2025-04-02
0259,QA,2025-04-02
0260,SA,2025-04-03
0261,AE,2025-04-03
0262,SA,2025-04-03
0263,SA,2025-04-04
0264,AE,2025-04-04
0265,QA,2025-04-04
0266,KW,2025-04-05
0267,QA,2025-04-05
0268,AE,2025-04-05
0269,SA,2025-04-06
0270,SA,2025-04-06
0271,AE,2025-04-06
0272,KW,2025-04-07
0273,AE,2025-04-07
0274,SA,2025-04-08
0275,SA,2025-04-08
0276,SA,2025-04-08
0277,KW,2025-04-09
0278,KW,2025-04-09
0279,AE,2025-04-09
0280,QA,2025-04-10
0281,KW,2025-04-10
0282,SA,2025-04-10
0283,QA,2025-04-11
0284,AE,2025-04-11
0285,KW,2025-04-11
0286,SA,2025-04-12
0287,AE,2025-04-12
0288,SA,2025-04-12
0289,KW,2025-04-13
0290,KW,2025-04-13
0291,AE,2025-04-14
0292,SA,2025-04-14
0293,AE,2025-04-14
0294,KW,2025-04-15
0295,KW,2025-04-15
0296,AE,2025-04-15
0297,QA,2025-04-16
0298,KW,2025-04-16
0299,KW,2025-04-16
0300,KW,2025-04-17
0301,KW,2025-04-17
0302,QA,2025-04-17
0303,AE,2025-04-18
0304,KW,2025-04-18
0305,SA,2025-04-19
0306,KW,2025-04-19
0307,QA,2025-04-19
0308,SA,2025-04-20
0309,KW,2025-04-20
0310,SA,2025-04-20
0311,KW,2025-04-21
0312,QA,2025-04-21
0313,AE,2025-04-21
0314,AE,2025-04-22
0315,AE,2025-04-22
0316,AE,2025-04-22
0317,AE,2025-04-23
0318,KW,2025-04-23
0319,QA,2025-04-24
0320,QA,2025-04-24
0321,AE,2025-04-24
0322,AE,2025-04-25
0323,AE,2025-04-25
0324,AE,2025-04-25
0325,AE,2025-04-26
0326,SA,2025-04-26
0327,QA,2025-04-26
0328,AE,2025-04-27
0329,AE,2025-04-27
0330,QA,2025-04-27
0331,KW,2025-04-28
0332,QA,2025-04-28
0333,KW,2025-04-28
0334,AE,2025-04-29
0335,KW,2025-04-29
0336,QA,2025-04-30
0337,QA,2025-04-30
0338,AE,2025-04-30
0339,SA,2025-05-01
0340,QA,2025-05-01
0341,AE,2025-05-01
0342,AE,2025-05-02
0343,QA,2025-05-02
0344,AE,2025-05-02
0345,AE,2025-05-03
0346,SA,2025-05-03
0347,AE,2025-05-03
0348,SA,2025-05-04
0349,AE,2025-05-04
0350,AE,2025-05-05
0351,SA,2025-05-05
0352,AE,2025-05-05
0353,QA,2025-05-06
0354,KW,2025-05-06
0355,QA,2025-05-06
0356,KW,2025-05-07
0357,SA,2025-05-07
0358,SA,2025-05-07
0359,AE,2025-05-08
0360,AE,2025-05-08
0361,KW,2025-05-08
0362,QA,2025-05-09
0363,AE,2025-05-09
0364,KW,2025-05-09
0365,SA,2025-05-10
0366,AE,2025-05-10
0367,KW,2025-05-11
0368,KW,2025-05-11
0369,SA,2025-05-11
0370,SA,2025-05-12
0371,AE,2025-05-12
0372,QA,2025-05-12
0373,SA,2025-05-13
0374,KW,2025-05-13
0375,SA,2025-05-13
0376,SA,2025-05-14
0377,QA,2025-05-14
0378,KW,2025-05-14
0379,KW,2025-05-15
0380,KW,2025-05-15
0381,AE,2025-05-16
0382,QA,2025-05-16
0383,QA,2025-05-16
0384,SA,2025-05-17
0385,QA,2025-05-17
0386,KW,2025-05-17
0387,QA,2025-05-18
0388,AE,2025-05-18
0389,SA,2025-05-18
0390,SA,2025-05-19
0391,AE,2025-05-19
0392,SA,2025-05-19
0393,SA,2025-05-20
0394,SA,2025-05-20
0395,QA,2025-05-21
0396,SA,2025-05-21
0397,SA,2025-05-21
0398,KW,2025-05-22
0399,KW,2025-05-22
0400,AE,2025-05-22
0401,KW,2025-05-23
0402,QA,2025-05-23
0403,AE,2025-05-23
0404,SA,2025-05-24
0405,KW,2025-05-24
0406,SA,2025-05-24
0407,SA,2025-05-25
0408,SA,2025-05-25
0409,KW,2025-05-25
0410,AE,2025-05-26
0411,SA,2025-05-26
0412,AE,2025-05-27
0413,AE,2025-05-27
0414,QA,2025-05-27
0415,QA,2025-05-28
0416,KW,2025-05-28
0417,QA,2025-05-28
0418,QA,2025-05-29
0419,SA,2025-05-29
0420,KW,2025-05-29
0421,AE,2025-05-30
0422,QA,2025-05-30
0423,SA,2025-05-30
0424,SA,2025-05-31
0425,SA,2025-05-31
0426,AE,2025-06-01
0427,AE,2025-06-01
0428,AE,2025-06-01
0429,KW,2025-06-02
0430,KW,2025-06-02
0431,SA,2025-06-02
0432,SA,2025-06-03
0433,KW,2025-06-03
0434,QA,2025-06-03
0435,QA,2025-06-04
0436,KW,2025-06-04
0437,QA,2025-06-04
0438,KW,2025-06-05
0439,KW,2025-06-05
0440,AE,2025-06-06
0441,KW,2025-06-06
0442,AE,2025-06-06
0443,AE,2025-06-07
0444,QA,2025-06-07
0445,QA,2025-06-07
0446,QA,2025-06-08
0447,QA,2025-06-08
0448,KW,2025-06-08
0449,AE,2025-06-09
0450,SA,2025-06-09
0451,KW,2025-06-09
0452,KW,2025-06-10
0453,QA,2025-06-10
0454,SA,2025-06-10
0455,AE,2025-06-11
0456,KW,2025-06-11
0457,QA,2025-06-12
0458,KW,2025-06-12
0459,SA,2025-06-12
0460,KW,2025-06-13
0461,KW,2025-06-13
0462,SA,2025-06-13
0463,KW,2025-06-14
0464,KW,2025-06-14
0465,SA,2025-06-14
0466,AE,2025-06-15
0467,AE,2025-06-15
0468,AE,2025-06-15
0469,SA,2025-06-16
0470,SA,2025-06-16
0471,QA,2025-06-17
0472,AE,2025-06-17
0473,AE,2025-06-17
0474,KW,2025-06-18
0475,AE,2025-06-18
0476,QA,2025-06-18
0477,KW,2025-06-19
0478,QA,2025-06-19
0479,AE,2025-06-19
0480,QA,2025-06-20
0481,AE,2025-06-20
0482,AE,2025-06-20
0483,SA,2025-06-21
0484,AE,2025-06-21
0485,SA,2025-06-21
0486,SA,2025-06-22
0487,AE,2025-06-22
0488,AE,2025-06-23
0489,QA,2025-06-23
0490,KW,2025-06-23
0491,SA,2025-06-24
0492,AE,2025-06-24
0493,KW,2025-06-24
0494,KW,2025-06-25
0495,KW,2025-06-25
0496,SA,2025-06-25
0497,SA,2025-06-26
0498,KW,2025-06-26
0499,KW,2025-06-26
0500,KW,2025-06-27
0501,KW,2025-06-27
0502,AE,2025-06-28
0503,SA,2025-06-28
0504,KW,2025-06-28
0505,QA,2025-06-29
0506,AE,2025-06-29
0507,QA,2025-06-29
0508,SA,2025-06-30
0509,AE,2025-06-30
0510,AE,2025-06-30
0511,SA,2025-07-01
0512,QA,2025-07-01
0513,QA,2025-07-01
0514,SA,2025-07-02
0515,KW,2025-07-02
0516,KW,2025-07-03
0517,AE,2025-07-03
0518,SA,2025-07-03
0519,QA,2025-07-04
0520,KW,2025-07-04
0521,SA,2025-07-04
0522,KW,2025-07-05
0523,SA,2025-07-05
0524,QA,2025-07-05
0525,AE,2025-07-06
0526,AE,2025-07-06
0527,QA,2025-07-06
0528,KW,2025-07-07
0529,QA,2025-07-07
0530,KW,2025-07-07
0531,KW,2025-07-08
0532,KW,2025-07-08
0533,SA,2025-07-09
0534,SA,2025-07-09
0535,KW,2025-07-09
0536,KW,2025-07-10
0537,KW,2025-07-10
0538,KW,2025-07-10
0539,SA,2025-07-11
0540,AE,2025-07-11
0541,SA,2025-07-11
0542,AE,2025-07-12
0543,SA,2025-07-12
0544,QA,2025-07-12
0545,QA,2025-07-13
0546,QA,2025-07-13
0547,SA,2025-07-14
0548,AE,2025-07-14
0549,QA,2025-07-14
0550,QA,2025-07-15
0551,SA,2025-07-15
0552,KW,2025-07-15
0553,KW,2025-07-16
0554,KW,2025-07-16
0555,SA,2025-07-16
0556,QA,2025-07-17
0557,AE,2025-07-17
0558,QA,2025-07-17
0559,SA,2025-07-18
0560,SA,2025-07-18
0561,KW,2025-07-18
0562,AE,2025-07-19
0563,KW,2025-07-19
0564,KW,2025-07-20
0565,KW,2025-07-20
0566,QA,2025-07-20
0567,QA,2025-07-21
0568,AE,2025-07-21
0569,SA,2025-07-21
0570,AE,2025-07-22
0571,AE,2025-07-22
0572,QA,2025-07-22
0573,SA,2025-07-23
0574,KW,2025-07-23
0575,KW,2025-07-23
0576,AE,2025-07-24
0577,QA,2025-07-24
0578,AE,2025-07-25
0579,QA,2025-07-25
0580,QA,2025-07-25
0581,SA,2025-07-26
0582,QA,2025-07-26
0583,AE,2025-07-26
0584,AE,2025-07-27
0585,SA,2025-07-27
0586,AE,2025-07-27
0587,KW,2025-07-28
0588,KW,2025-07-28
0589,AE,2025-07-28
0590,QA,2025-07-29
0591,SA,2025-07-29
0592,AE,2025-07-30
0593,AE,2025-07-30
0594,KW,2025-07-30
0595,QA,2025-07-31
0596,AE,2025-07-31
0597,AE,2025-07-31
0598,QA,2025-08-01
0599,KW,2025-08-01
0600,SA,2025-08-01
0601,KW,2025-08-02
0602,AE,2025-08-02
0603,KW,2025-08-02
0604,SA,2025-08-03
0605,KW,2025-08-03
0606,KW,2025-08-03
0607,KW,2025-08-04
0608,QA,2025-08-04
0609,KW,2025-08-05
0610,KW,2025-08-05
0611,AE,2025-08-05
0612,KW,2025-08-06
0613,QA,2025-08-06
0614,KW,2025-08-06
0615,KW,2025-08-07
0616,KW,2025-08-07
0617,SA,2025-08-07
0618,KW,2025-08-08
0619,KW,2025-08-08
0620,SA,2025-08-08
0621,QA,2025-08-09
0622,SA,2025-08-09
0623,SA,2025-08-10
0624,KW,2025-08-10
0625,QA,2025-08-10
0626,AE,2025-08-11
0627,QA,2025-08-11
0628,SA,2025-08-11
0629,SA,2025-08-12
0630,SA,2025-08-12
0631,AE,2025-08-12
0632,KW,2025-08-13
0633,QA,2025-08-13
0634,SA,2025-08-13
0635,SA,2025-08-14
0636,QA,2025-08-14
0637,KW,2025-08-15
0638,SA,2025-08-15
0639,KW,2025-08-15
0640,QA,2025-08-16
0641,SA,2025-08-16
0642,KW,2025-08-16
0643,QA,2025-08-17
0644,KW,2025-08-17
0645,QA,2025-08-17
0646,AE,2025-08-18
0647,QA,2025-08-18
0648,KW,2025-08-18
0649,KW,2025-08-19
0650,QA,2025-08-19
0651,SA,2025-08-19
0652,AE,2025-08-20
0653,SA,2025-08-20
0654,SA,2025-08-21
0655,AE,2025-08-21
0656,AE,2025-08-21
0657,SA,2025-08-22
0658,SA,2025-08-22
0659,QA,2025-08-22
0660,SA,2025-08-23
0661,AE,2025-08-23
0662,AE,2025-08-23
0663,QA,2025-08-24
0664,AE,2025-08-24
0665,AE,2025-08-24
0666,QA,2025-08-25
0667,SA,2025-08-25
0668,AE,2025-08-26
0669,AE,2025-08-26
0670,SA,2025-08-26
0671,AE,2025-08-27
0672,KW,2025-08-27
0673,AE,2025-08-27
0674,AE,2025-08-28
0675,KW,2025-08-28
0676,AE,2025-08-28
0677,KW,2025-08-29
0678,QA,2025-08-29
0679,AE,2025-08-29
0680,AE,2025-08-30
0681,KW,2025-08-30
0682,QA,2025-08-30
0683,AE,2025-08-31
0684,AE,2025-08-31
0685,KW,2025-09-01
0686,AE,2025-09-01
0687,AE,2025-09-01
0688,KW,2025-09-02
0689,SA,2025-09-02
0690,AE,2025-09-02
0691,QA,2025-09-03
0692,AE,2025-09-03
0693,SA,2025-09-03
0694,SA,2025-09-04
0695,QA,2025-09-04
0696,KW,2025-09-04
0697,QA,2025-09-05
0698,KW,2025-09-05
0699,AE,2025-09-06
0700,KW,2025-09-06
0701,KW,2025-09-06
0702,KW,2025-09-07
0703,SA,2025-09-07
0704,AE,2025-09-07
0705,SA,2025-09-08
0706,SA,2025-09-08
0707,SA,2025-09-08
0708,AE,2025-09-09
0709,AE,2025-09-09
0710,AE,2025-09-09
0711,QA,2025-09-10
0712,AE,2025-09-10
0713,QA,2025-09-11
0714,QA,2025-09-11
0715,QA,2025-09-11
0716,KW,2025-09-12
0717,AE,2025-09-12
0718,QA,2025-09-12
0719,QA,2025-09-13
0720,SA,2025-09-13
0721,AE,2025-09-13
0722,SA,2025-09-14
0723,AE,2025-09-14
0724,QA,2025-09-14
0725,AE,2025-09-15
0726,SA,2025-09-15
0727,SA,2025-09-15
0728,AE,2025-09-16
0729,AE,2025-09-16
0730,QA,2025-09-17
0731,AE,2025-09-17
0732,KW,2025-09-17
0733,KW,2025-09-18
0734,AE,2025-09-18
0735,AE,2025-09-18
0736,SA,2025-09-19
0737,KW,2025-09-19
0738,QA,2025-09-19
0739,SA,2025-09-20
0740,AE,2025-09-20
0741,QA,2025-09-20
0742,SA,2025-09-21
0743,KW,2025-09-21
0744,AE,2025-09-22
0745,SA,2025-09-22
0746,AE,2025-09-22
0747,KW,2025-09-23
0748,QA,2025-09-23
0749,SA,2025-09-23
0750,SA,2025-09-24
0751,QA,2025-09-24
0752,KW,2025-09-24
0753,QA,2025-09-25
0754,AE,2025-09-25
0755,KW,2025-09-25
0756,QA,2025-09-26
0757,KW,2025-09-26
0758,KW,2025-09-27
0759,SA,2025-09-27
0760,AE,2025-09-27
0761,SA,2025-09-28
0762,KW,2025-09-28
0763,KW,2025-09-28
0764,KW,2025-09-29
0765,AE,2025-09-29
0766,AE,2025-09-29
0767,KW,2025-09-30
0768,QA,2025-09-30
0769,AE,2025-09-30
0770,AE,2025-10-01
0771,SA,2025-10-01
0772,AE,2025-10-01
0773,KW,2025-10-02
0774,AE,2025-10-02
0775,QA,2025-10-03
0776,AE,2025-10-03
0777,AE,2025-10-03
0778,KW,2025-10-04
0779,QA,2025-10-04
0780,AE,2025-10-04
0781,SA,2025-10-05
0782,AE,2025-10-05
0783,SA,2025-10-05
0784,AE,2025-10-06
0785,KW,2025-10-06
0786,SA,2025-10-06
0787,AE,2025-10-07
0788,SA,2025-10-07
0789,KW,2025-10-08
0790,AE,2025-10-08
0791,SA,2025-10-08
0792,SA,2025-10-09
0793,QA,2025-10-09
0794,AE,2025-10-09
0795,KW,2025-10-10
0796,SA,2025-10-10
0797,KW,2025-10-10
0798,KW,2025-10-11
0799,QA,2025-10-11
0800,QA,2025-10-11
0801,SA,2025-10-12
0802,QA,2025-10-12
0803,AE,2025-10-12
0804,QA,2025-10-13
0805,SA,2025-10-13
0806,QA,2025-10-14
0807,QA,2025-10-14
0808,SA,2025-10-14
0809,AE,2025-10-15
0810,KW,2025-10-15
0811,KW,2025-10-15
0812,SA,2025-10-16
0813,SA,2025-10-16
0814,AE,2025-10-16
0815,QA,2025-10-17
0816,KW,2025-10-17
0817,SA,2025-10-17
0818,KW,2025-10-18
0819,KW,2025-10-18
0820,KW,2025-10-19
0821,QA,2025-10-19
0822,KW,2025-10-19
0823,QA,2025-10-20
0824,AE,2025-10-20
0825,AE,2025-10-20
0826,AE,2025-10-21
0827,QA,2025-10-21
0828,KW,2025-10-21
0829,KW,2025-10-22
0830,AE,2025-10-22
0831,AE,2025-10-22
0832,AE,2025-10-23
0833,AE,2025-10-23
0834,AE,2025-10-24
0835,QA,2025-10-24
0836,AE,2025-10-24
0837,KW,2025-10-25
0838,SA,2025-10-25
0839,QA,2025-10-25
0840,SA,2025-10-26
0841,SA,2025-10-26
0842,AE,2025-10-26
0843,QA,2025-10-27
0844,AE,2025-10-27
0845,AE,2025-10-27
0846,KW,2025-10-28
0847,KW,2025-10-28
0848,QA,2025-10-28
0849,KW,2025-10-29
0850,SA,2025-10-29
0851,QA,2025-10-30
0852,KW,2025-10-30
0853,SA,2025-10-30
0854,AE,2025-10-31
0855,AE,2025-10-31
0856,SA,2025-10-31
0857,AE,2025-11-01
0858,KW,2025-11-01
0859,AE,2025-11-01
0860,SA,2025-11-02
0861,AE,2025-11-02
0862,SA,2025-11-02
0863,KW,2025-11-03
0864,KW,2025-11-03
0865,AE,2025-11-04
0866,QA,2025-11-04
0867,QA,2025-11-04
0868,QA,2025-11-05
0869,SA,2025-11-05
0870,AE,2025-11-05
0871,SA,2025-11-06
0872,AE,2025-11-06
0873,QA,2025-11-06
0874,QA,2025-11-07
0875,KW,2025-11-07
0876,KW,2025-11-07
0877,QA,2025-11-08
0878,KW,2025-11-08
0879,AE,2025-11-09
0880,KW,2025-11-09
0881,AE,2025-11-09
0882,KW,2025-11-10
0883,AE,2025-11-10
0884,QA,2025-11-10
0885,AE,2025-11-11
0886,KW,2025-11-11
0887,SA,2025-11-11
0888,KW,2025-11-12
0889,SA,2025-11-12
0890,QA,2025-11-12
0891,KW,2025-11-13
0892,SA,2025-11-13
0893,AE,2025-11-13
0894,QA,2025-11-14
0895,AE,2025-11-14
0896,QA,2025-11-15
0897,AE,2025-11-15
0898,KW,2025-11-15
0899,QA,2025-11-16
0900,QA,2025-11-16
0901,QA,2025-11-16
0902,SA,2025-11-17
0903,SA,2025-11-17
0904,KW,2025-11-17
0905,SA,2025-11-18
0906,QA,2025-11-18
0907,AE,2025-11-18
0908,KW,2025-11-19
0909,KW,2025-11-19
0910,SA,2025-11-20
0911,AE,2025-11-20
0912,KW,2025-11-20
0913,QA,2025-11-21
0914,QA,2025-11-21
0915,AE,2025-11-21
0916,KW,2025-11-22
0917,QA,2025-11-22
0918,QA,2025-11-22
0919,KW,2025-11-23
0920,KW,2025-11-23
0921,KW,2025-11-23
0922,AE,2025-11-24
0923,AE,2025-11-24
0924,QA,2025-11-24
0925,KW,2025-11-25
0926,KW,2025-11-25
0927,QA,2025-11-26
0928,SA,2025-11-26
0929,SA,2025-11-26
0930,SA,2025-11-27
0931,SA,2025-11-27
0932,KW,2025-11-27
0933,AE,2025-11-28
0934,KW,2025-11-28
0935,KW,2025-11-28
0936,QA,2025-11-29
0937,AE,2025-11-29
0938,AE,2025-11-29
0939,QA,2025-11-30
0940,QA,2025-11-30
0941,SA,2025-12-01
0942,KW,2025-12-01
0943,SA,2025-12-01
0944,AE,2025-12-02
0945,SA,2025-12-02
0946,SA,2025-12-02
0947,AE,2025-12-03
0948,AE,2025-12-03
0949,SA,2025-12-03
0950,QA,2025-12-04
0951,QA,2025-12-04
0952,QA,2025-12-04
0953,AE,2025-12-05
0954,QA,2025-12-05
0955,KW,2025-12-06
0956,AE,2025-12-06
0957,QA,2025-12-06
0958,SA,2025-12-07
0959,SA,2025-12-07
0960,QA,2025-12-07
0961,AE,2025-12-08
0962,QA,2025-12-08
0963,QA,2025-12-08
0964,KW,2025-12-09
0965,SA,2025-12-09
0966,QA,2025-12-09
0967,QA,2025-12-10
0968,AE,2025-12-10
0969,AE,2025-12-10
0970,KW,2025-12-11
0971,QA,2025-12-11
0972,SA,2025-12-12
0973,KW,2025-12-12
0974,SA,2025-12-12
0975,KW,2025-12-13
0976,SA,2025-12-13
0977,SA,2025-12-13
0978,QA,2025-12-14
0979,KW,2025-12-14
0980,QA,2025-12-14
0981,QA,2025-12-15
0982,AE,2025-12-15
0983,SA,2025-12-15
0984,QA,2025-12-16
0985,SA,2025-12-16
0986,QA,2025-12-17
0987,QA,2025-12-17
0988,SA,2025-12-17
0989,AE,2025-12-18
0990,SA,2025-12-18
0991,KW,2025-12-18
0992,AE,2025-12-19
0993,SA,2025-12-19
0994,KW,2025-12-19
0995,KW,2025-12-20
0996,SA,2025-12-20
0997,KW,2025-12-20
0998,SA,2025-12-21
0999,QA,2025-12-21
1000,AE,2025-12-22
